-- RESET DATABASE MANajemen Kantor Supabase
-- Jalankan file ini SEKALI di Supabase SQL Editor.
-- File ini akan menghapus tabel lama lalu membuat ulang semua tabel + dummy data.

create extension if not exists pgcrypto;

-- Bersihkan tabel lama yang sering bikin bentrok kolom password/password_hash
-- Aman untuk project baru. Jangan pakai kalau sudah ada data penting.
drop table if exists public.ai_logs cascade;
drop table if exists public.documents cascade;
drop table if exists public.meetings cascade;
drop table if exists public.cuti cascade;
drop table if exists public.pengumuman cascade;
drop table if exists public.absensi_bulanan cascade;
drop table if exists public.absensi cascade;
drop table if exists public.tugas cascade;
drop table if exists public.kasbon cascade;
drop table if exists public.gaji cascade;
drop table if exists public.data_gaji cascade;
drop table if exists public.karyawan cascade;
drop table if exists public.jabatan cascade;
drop table if exists public.office_settings cascade;
drop table if exists public.users cascade;

drop function if exists public.refresh_absensi_bulanan_from_harian() cascade;
drop function if exists public.refresh_absensi_bulanan_manual(bigint, date) cascade;
drop function if exists public.set_updated_at() cascade;

create table public.users (
  id bigint generated by default as identity primary key,
  name text not null,
  email text not null unique,
  email_verified_at timestamptz,
  password text not null,
  role text not null default 'admin',
  avatar text,
  remember_token text,
  created_at timestamptz not null default now(),
  updated_at timestamptz not null default now()
);



create table public.office_settings (
  id bigint primary key default 1 check (id = 1),
  office_name text not null default 'AlmerDev Technology',
  panel_name text default 'Office OS',
  tagline text,
  email text,
  phone text,
  address text,
  website text,
  city text,
  work_hours text,
  footer_note text,
  accent_color text not null default '#2563eb',
  logo text,
  created_at timestamptz not null default now(),
  updated_at timestamptz not null default now()
);

create table public.jabatan (
  id bigint generated by default as identity primary key,
  nama_jabatan text not null,
  departemen text,
  deskripsi text,
  gaji_pokok_default numeric(15,2) not null default 0,
  created_at timestamptz not null default now(),
  updated_at timestamptz not null default now()
);

create table public.karyawan (
  id bigint generated by default as identity primary key,
  nip text not null unique,
  nama text not null,
  jabatan_id bigint not null references public.jabatan(id) on delete restrict,
  departemen text,
  email text unique,
  telepon text,
  alamat text,
  tanggal_lahir date,
  jenis_kelamin text check (jenis_kelamin in ('L','P')),
  tanggal_masuk date not null,
  status text not null default 'aktif' check (status in ('aktif','nonaktif','cuti')),
  foto text,
  no_ktp text,
  no_bpjs_kesehatan text,
  no_bpjs_ketenagakerjaan text,
  no_rekening text,
  nama_bank text,
  created_at timestamptz not null default now(),
  updated_at timestamptz not null default now()
);


create table public.data_gaji (
  id bigint generated by default as identity primary key,
  karyawan_id bigint not null unique references public.karyawan(id) on delete cascade,
  gaji_pokok numeric(15,2) not null default 0,
  uang_makan_harian numeric(15,2) not null default 0,
  transport_harian numeric(15,2) not null default 0,
  tunjangan_harian numeric(15,2) not null default 0,
  bpjs_kesehatan_default numeric(15,2) not null default 0,
  bpjs_ketenagakerjaan_default numeric(15,2) not null default 0,
  potongan_lain_default numeric(15,2) not null default 0,
  is_active boolean not null default true,
  catatan text,
  created_at timestamptz not null default now(),
  updated_at timestamptz not null default now()
);

create table public.gaji (
  id bigint generated by default as identity primary key,
  karyawan_id bigint not null references public.karyawan(id) on delete cascade,
  bulan int not null check (bulan between 1 and 12),
  tahun int not null check (tahun >= 2020),
  total_hadir int not null default 0,
  total_izin int not null default 0,
  total_sakit int not null default 0,
  total_alpha int not null default 0,
  total_cuti int not null default 0,
  gaji_pokok numeric(15,2) not null default 0,
  tarif_uang_makan_harian numeric(15,2) not null default 0,
  tarif_transport_harian numeric(15,2) not null default 0,
  tarif_lain_harian numeric(15,2) not null default 0,
  uang_makan numeric(15,2) not null default 0,
  transport numeric(15,2) not null default 0,
  uang_lain_harian numeric(15,2) not null default 0,
  insentif numeric(15,2) not null default 0,
  bonus numeric(15,2) not null default 0,
  tunjangan numeric(15,2) not null default 0,
  thr numeric(15,2) not null default 0,
  tunjangan_lain numeric(15,2) not null default 0,
  bpjs_kesehatan numeric(15,2) not null default 0,
  bpjs_ketenagakerjaan numeric(15,2) not null default 0,
  potongan_kasbon numeric(15,2) not null default 0,
  potongan_lain numeric(15,2) not null default 0,
  total_pendapatan numeric(15,2) not null default 0,
  total_potongan numeric(15,2) not null default 0,
  gaji_bersih numeric(15,2) not null default 0,
  status text not null default 'draft' check (status in ('draft','approved','paid')),
  catatan text,
  tanggal_bayar timestamptz,
  created_at timestamptz not null default now(),
  updated_at timestamptz not null default now(),
  unique(karyawan_id, bulan, tahun)
);

create table public.kasbon (
  id bigint generated by default as identity primary key,
  karyawan_id bigint not null references public.karyawan(id) on delete cascade,
  jumlah numeric(15,2) not null,
  sisa numeric(15,2) not null default 0,
  tanggal_pinjam date not null,
  tanggal_jatuh_tempo date,
  cicilan_bulan int not null default 1,
  cicilan_per_bulan numeric(15,2) not null default 0,
  status text not null default 'pending' check (status in ('pending','approved','rejected','lunas')),
  keperluan text,
  catatan text,
  created_at timestamptz not null default now(),
  updated_at timestamptz not null default now()
);

create table public.tugas (
  id bigint generated by default as identity primary key,
  judul text not null,
  deskripsi text,
  karyawan_id bigint not null references public.karyawan(id) on delete cascade,
  assigned_by bigint not null references public.users(id) on delete cascade,
  prioritas text not null default 'sedang' check (prioritas in ('rendah','sedang','tinggi','urgent')),
  status text not null default 'pending' check (status in ('pending','in_progress','review','completed','cancelled')),
  deadline date,
  tanggal_selesai date,
  progress int not null default 0 check (progress between 0 and 100),
  catatan text,
  created_at timestamptz not null default now(),
  updated_at timestamptz not null default now()
);

create table public.absensi (
  id bigint generated by default as identity primary key,
  karyawan_id bigint not null references public.karyawan(id) on delete cascade,
  tanggal date not null,
  jam_masuk time,
  jam_keluar time,
  status text not null default 'hadir' check (status in ('hadir','izin','sakit','alpha','cuti','libur')),
  keterangan text,
  created_at timestamptz not null default now(),
  updated_at timestamptz not null default now(),
  unique(karyawan_id, tanggal)
);


create table public.absensi_bulanan (
  id bigint generated by default as identity primary key,
  karyawan_id bigint not null references public.karyawan(id) on delete cascade,
  bulan int not null check (bulan between 1 and 12),
  tahun int not null check (tahun >= 2020),
  total_hadir int not null default 0,
  total_izin int not null default 0,
  total_sakit int not null default 0,
  total_alpha int not null default 0,
  total_cuti int not null default 0,
  keterangan text,
  created_at timestamptz not null default now(),
  updated_at timestamptz not null default now(),
  unique(karyawan_id, bulan, tahun)
);


-- Auto sync rekap absensi bulanan setiap ada perubahan di absensi harian.
create or replace function public.refresh_absensi_bulanan_manual(p_karyawan_id bigint, p_tanggal date)
returns void as $$
declare
  target_bulan int;
  target_tahun int;
begin
  if p_karyawan_id is null or p_tanggal is null then
    return;
  end if;

  target_bulan := extract(month from p_tanggal)::int;
  target_tahun := extract(year from p_tanggal)::int;

  insert into public.absensi_bulanan (
    karyawan_id,
    bulan,
    tahun,
    total_hadir,
    total_izin,
    total_sakit,
    total_alpha,
    total_cuti,
    keterangan,
    updated_at
  )
  select
    p_karyawan_id,
    target_bulan,
    target_tahun,
    count(*) filter (where status = 'hadir')::int,
    count(*) filter (where status = 'izin')::int,
    count(*) filter (where status = 'sakit')::int,
    count(*) filter (where status = 'alpha')::int,
    count(*) filter (where status = 'cuti')::int,
    'Rekap otomatis dari absensi harian.',
    now()
  from public.absensi
  where karyawan_id = p_karyawan_id
    and tanggal >= make_date(target_tahun, target_bulan, 1)
    and tanggal < (make_date(target_tahun, target_bulan, 1) + interval '1 month')::date
  on conflict (karyawan_id, bulan, tahun) do update set
    total_hadir = excluded.total_hadir,
    total_izin = excluded.total_izin,
    total_sakit = excluded.total_sakit,
    total_alpha = excluded.total_alpha,
    total_cuti = excluded.total_cuti,
    keterangan = excluded.keterangan,
    updated_at = now();
end;
$$ language plpgsql;

create or replace function public.refresh_absensi_bulanan_from_harian()
returns trigger as $$
begin
  perform public.refresh_absensi_bulanan_manual(coalesce(new.karyawan_id, old.karyawan_id), coalesce(new.tanggal, old.tanggal));

  if tg_op = 'UPDATE' and (old.karyawan_id is distinct from new.karyawan_id or old.tanggal is distinct from new.tanggal) then
    perform public.refresh_absensi_bulanan_manual(old.karyawan_id, old.tanggal);
  end if;

  if tg_op = 'DELETE' then
    return old;
  end if;

  return new;
end;
$$ language plpgsql;

create trigger trg_absensi_sync_bulanan
after insert or update or delete on public.absensi
for each row execute function public.refresh_absensi_bulanan_from_harian();

create table public.pengumuman (
  id bigint generated by default as identity primary key,
  judul text not null,
  isi text not null,
  created_by bigint not null references public.users(id) on delete cascade,
  prioritas text not null default 'normal' check (prioritas in ('normal','penting','urgent')),
  is_active boolean not null default true,
  tanggal_mulai date,
  tanggal_selesai date,
  created_at timestamptz not null default now(),
  updated_at timestamptz not null default now()
);


create table public.cuti (
  id bigint generated by default as identity primary key,
  karyawan_id bigint not null references public.karyawan(id) on delete cascade,
  jenis_cuti text not null default 'tahunan' check (jenis_cuti in ('tahunan','sakit','melahirkan','penting','lainnya')),
  tanggal_mulai date not null,
  tanggal_selesai date not null,
  jumlah_hari int not null,
  alasan text not null,
  status text not null default 'pending' check (status in ('pending','approved','rejected')),
  catatan_admin text,
  created_at timestamptz not null default now(),
  updated_at timestamptz not null default now()
);

create or replace function public.set_updated_at()
returns trigger language plpgsql as $$
begin
  new.updated_at = now();
  return new;
end;
$$;

create trigger trg_users_updated_at before update on public.users for each row execute function public.set_updated_at();
create trigger trg_office_settings_updated_at before update on public.office_settings for each row execute function public.set_updated_at();
create trigger trg_jabatan_updated_at before update on public.jabatan for each row execute function public.set_updated_at();
create trigger trg_karyawan_updated_at before update on public.karyawan for each row execute function public.set_updated_at();
create trigger trg_data_gaji_updated_at before update on public.data_gaji for each row execute function public.set_updated_at();
create trigger trg_gaji_updated_at before update on public.gaji for each row execute function public.set_updated_at();
create trigger trg_kasbon_updated_at before update on public.kasbon for each row execute function public.set_updated_at();
create trigger trg_tugas_updated_at before update on public.tugas for each row execute function public.set_updated_at();
create trigger trg_absensi_updated_at before update on public.absensi for each row execute function public.set_updated_at();
create trigger trg_absensi_bulanan_updated_at before update on public.absensi_bulanan for each row execute function public.set_updated_at();
create trigger trg_pengumuman_updated_at before update on public.pengumuman for each row execute function public.set_updated_at();
create trigger trg_cuti_updated_at before update on public.cuti for each row execute function public.set_updated_at();

-- Storage bucket untuk upload foto karyawan / profil.
insert into storage.buckets (id, name, public)
values ('office-files', 'office-files', true)
on conflict (id) do update set public = true;

-- =========================================================
-- SEED DATA / DATA DUMMY
-- Login demo: admin@kantor.com / password
-- =========================================================

insert into public.users (id, name, email, password, role)
values (1, 'Administrator', 'admin@kantor.com', '$2y$12$8uQAk1/5PI/GB3qgnTCu7ubcx7QfoSUNXT4p91sUI6RvIC6YJoPli', 'admin');

insert into public.office_settings (id, office_name, panel_name, tagline, email, phone, address, website, city, work_hours, footer_note, accent_color, logo)
values (1, 'AlmerDev Technology', 'Office OS', 'Sistem administrasi kantor yang rapi, cepat, dan siap produksi.', 'admin@kantor.com', '0812-3456-7890', 'Jakarta, Indonesia', '', 'Jakarta', 'Senin - Jumat, 08.00 - 17.00', 'Panel kantor siap produksi.', '#2563eb', null)
on conflict (id) do update set
  office_name = excluded.office_name,
  panel_name = excluded.panel_name,
  tagline = excluded.tagline,
  email = excluded.email,
  phone = excluded.phone,
  address = excluded.address,
  website = excluded.website,
  city = excluded.city,
  work_hours = excluded.work_hours,
  footer_note = excluded.footer_note,
  accent_color = excluded.accent_color;


insert into public.jabatan (id, nama_jabatan, departemen, deskripsi, gaji_pokok_default) values
(1, 'Direktur', 'Manajemen', 'Memimpin strategi dan operasional perusahaan.', 15000000),
(2, 'Manager HRD', 'HRD', 'Mengelola rekrutmen, cuti, dan data karyawan.', 10000000),
(3, 'Manager Keuangan', 'Keuangan', 'Mengatur laporan keuangan dan penggajian.', 10000000),
(4, 'Staff HRD', 'HRD', 'Membantu administrasi HRD dan absensi.', 5000000),
(5, 'Staff Keuangan', 'Keuangan', 'Membantu pencatatan gaji, kasbon, dan laporan.', 5000000),
(6, 'Staff IT', 'IT', 'Mengelola sistem, server, dan kebutuhan teknologi kantor.', 6000000),
(7, 'Staff Marketing', 'Marketing', 'Menjalankan promosi dan kampanye digital.', 5500000),
(8, 'Staff Operasional', 'Operasional', 'Mendukung kegiatan operasional harian.', 4500000),
(9, 'Security', 'Umum', 'Menjaga keamanan lingkungan kantor.', 3500000),
(10, 'Office Boy', 'Umum', 'Menjaga kebersihan dan kebutuhan umum kantor.', 3000000);

insert into public.karyawan (id, nip, nama, jabatan_id, departemen, email, telepon, alamat, tanggal_lahir, jenis_kelamin, tanggal_masuk, status, no_ktp, no_bpjs_kesehatan, no_bpjs_ketenagakerjaan, no_rekening, nama_bank) values
(1, 'KRY001', 'Budi Santoso', 1, 'Manajemen', 'budi@kantor.com', '081234567890', 'Jakarta', '1990-01-01', 'L', '2018-01-15', 'aktif', '3171000000000001', '0001112223334', '1112223334445', '1234567890', 'BCA'),
(2, 'KRY002', 'Siti Rahayu', 2, 'HRD', 'siti@kantor.com', '081234567891', 'Bogor', '1992-02-10', 'P', '2019-03-01', 'aktif', '3171000000000002', '0001112223335', '1112223334446', '1234567891', 'Mandiri'),
(3, 'KRY003', 'Ahmad Fauzi', 3, 'Keuangan', 'ahmad@kantor.com', '081234567892', 'Depok', '1991-05-12', 'L', '2019-06-15', 'aktif', '3171000000000003', '0001112223336', '1112223334447', '1234567892', 'BNI'),
(4, 'KRY004', 'Dewi Lestari', 4, 'HRD', 'dewi@kantor.com', '081234567893', 'Tangerang', '1994-09-18', 'P', '2020-01-10', 'aktif', '3171000000000004', '0001112223337', '1112223334448', '1234567893', 'BCA'),
(5, 'KRY005', 'Rizky Pratama', 6, 'IT', 'rizky@kantor.com', '081234567894', 'Bekasi', '1995-04-20', 'L', '2020-07-01', 'aktif', '3171000000000005', '0001112223338', '1112223334449', '1234567894', 'BRI'),
(6, 'KRY006', 'Maya Indah', 7, 'Marketing', 'maya@kantor.com', '081234567895', 'Bandung', '1996-11-05', 'P', '2021-02-15', 'aktif', '3171000000000006', '0001112223339', '1112223334450', '1234567895', 'Mandiri'),
(7, 'KRY007', 'Hendra Wijaya', 8, 'Operasional', 'hendra@kantor.com', '081234567896', 'Semarang', '1993-08-30', 'L', '2021-08-01', 'aktif', '3171000000000007', '0001112223340', '1112223334451', '1234567896', 'BCA'),
(8, 'KRY008', 'Rina Susanti', 5, 'Keuangan', 'rina@kantor.com', '081234567897', 'Yogyakarta', '1997-12-12', 'P', '2022-01-03', 'aktif', '3171000000000008', '0001112223341', '1112223334452', '1234567897', 'BNI');

insert into public.data_gaji (id, karyawan_id, gaji_pokok, uang_makan_harian, transport_harian, tunjangan_harian, bpjs_kesehatan_default, bpjs_ketenagakerjaan_default, potongan_lain_default, is_active, catatan) values
(1, 1, 15000000, 25000, 15000, 5000, 150000, 300000, 0, true, 'Struktur gaji direktur'),
(2, 2, 10000000, 25000, 15000, 5000, 100000, 200000, 0, true, 'Struktur gaji manager'),
(3, 3, 10000000, 25000, 15000, 5000, 100000, 200000, 0, true, 'Struktur gaji manager'),
(4, 4, 5000000, 25000, 15000, 5000, 50000, 100000, 0, true, 'Struktur gaji staff'),
(5, 5, 6000000, 25000, 15000, 5000, 60000, 120000, 0, true, 'Struktur gaji staff IT'),
(6, 6, 5500000, 25000, 15000, 5000, 55000, 110000, 0, true, 'Struktur gaji staff marketing'),
(7, 7, 4500000, 25000, 15000, 5000, 45000, 90000, 0, true, 'Struktur gaji operasional'),
(8, 8, 5000000, 25000, 15000, 5000, 50000, 100000, 0, true, 'Struktur gaji keuangan');

insert into public.gaji (id, karyawan_id, bulan, tahun, total_hadir, total_izin, total_sakit, total_alpha, total_cuti, gaji_pokok, tarif_uang_makan_harian, tarif_transport_harian, tarif_lain_harian, uang_makan, transport, uang_lain_harian, insentif, bonus, tunjangan, thr, tunjangan_lain, bpjs_kesehatan, bpjs_ketenagakerjaan, potongan_kasbon, potongan_lain, total_pendapatan, total_potongan, gaji_bersih, status, catatan, tanggal_bayar) values
(1, 1, extract(month from now())::int, extract(year from now())::int, 22, 0, 0, 0, 0, 15000000, 25000, 15000, 5000, 550000, 330000, 110000, 500000, 0, 0, 0, 0, 150000, 300000, 0, 0, 16490000, 450000, 16040000, 'approved', 'Gaji bulan berjalan, dihitung dari 22 hari hadir', null),
(2, 2, extract(month from now())::int, extract(year from now())::int, 22, 1, 0, 0, 0, 10000000, 25000, 15000, 5000, 550000, 330000, 110000, 0, 0, 0, 0, 0, 100000, 200000, 0, 0, 10990000, 300000, 10690000, 'approved', 'Gaji bulan berjalan, dihitung dari absensi bulanan', null),
(3, 3, extract(month from now())::int, extract(year from now())::int, 22, 0, 0, 0, 0, 10000000, 25000, 15000, 5000, 550000, 330000, 110000, 500000, 0, 0, 0, 0, 100000, 200000, 0, 0, 11490000, 300000, 11190000, 'approved', 'Gaji bulan berjalan', null),
(4, 4, extract(month from now())::int, extract(year from now())::int, 22, 0, 1, 0, 0, 5000000, 25000, 15000, 5000, 550000, 330000, 110000, 0, 0, 0, 0, 0, 50000, 100000, 1000000, 0, 5990000, 1150000, 4840000, 'approved', 'Ada potongan kasbon otomatis', null),
(5, 5, extract(month from now())::int, extract(year from now())::int, 22, 0, 0, 0, 0, 6000000, 25000, 15000, 5000, 550000, 330000, 110000, 500000, 0, 0, 0, 0, 60000, 120000, 0, 0, 7490000, 180000, 7310000, 'paid', 'Sudah dibayar', now());

insert into public.kasbon (id, karyawan_id, jumlah, sisa, tanggal_pinjam, tanggal_jatuh_tempo, cicilan_bulan, cicilan_per_bulan, status, keperluan, catatan) values
(1, 4, 3000000, 2000000, current_date - interval '2 month', current_date + interval '1 month', 3, 1000000, 'approved', 'Keperluan keluarga', 'Disetujui HRD'),
(2, 5, 5000000, 5000000, current_date, current_date + interval '5 month', 5, 1000000, 'pending', 'Biaya pendidikan', null);

insert into public.tugas (id, judul, deskripsi, karyawan_id, assigned_by, prioritas, status, progress, deadline, tanggal_selesai, catatan) values
(1, 'Rekap Laporan Keuangan Q1', 'Buat rekap laporan keuangan untuk evaluasi manajemen.', 3, 1, 'tinggi', 'in_progress', 60, current_date + interval '5 day', null, 'Prioritaskan transaksi besar.'),
(2, 'Update Database Karyawan', 'Lengkapi data rekening dan BPJS semua karyawan.', 2, 1, 'sedang', 'completed', 100, current_date - interval '2 day', current_date - interval '1 day', 'Sudah dicek ulang.'),
(3, 'Maintenance Server', 'Cek server internal dan backup database.', 5, 1, 'urgent', 'pending', 0, current_date + interval '1 day', null, null),
(4, 'Kampanye Marketing Digital', 'Siapkan materi promosi untuk bulan ini.', 6, 1, 'tinggi', 'in_progress', 40, current_date + interval '10 day', null, null),
(5, 'Audit Absensi Bulan Ini', 'Bandingkan data absensi dengan izin/cuti.', 4, 1, 'sedang', 'review', 90, current_date + interval '3 day', null, 'Menunggu approval.');

insert into public.absensi (karyawan_id, tanggal, jam_masuk, jam_keluar, status, keterangan)
select id, current_date, '08:00:00'::time, '17:00:00'::time, 'hadir', 'Absensi dummy hari ini'
from public.karyawan;

insert into public.absensi (karyawan_id, tanggal, jam_masuk, jam_keluar, status, keterangan) values
(1, current_date - interval '1 day', '08:05:00', '17:00:00', 'hadir', 'Masuk normal'),
(2, current_date - interval '1 day', null, null, 'izin', 'Izin keluarga'),
(3, current_date - interval '1 day', '08:10:00', '17:05:00', 'hadir', 'Masuk normal');

insert into public.absensi_bulanan (id, karyawan_id, bulan, tahun, total_hadir, total_izin, total_sakit, total_alpha, total_cuti, keterangan) values
(1, 1, extract(month from now())::int, extract(year from now())::int, 22, 0, 0, 0, 0, 'Rekap dummy bulan berjalan'),
(2, 2, extract(month from now())::int, extract(year from now())::int, 22, 1, 0, 0, 0, 'Ada izin keluarga'),
(3, 3, extract(month from now())::int, extract(year from now())::int, 22, 0, 0, 0, 0, 'Rekap dummy bulan berjalan'),
(4, 4, extract(month from now())::int, extract(year from now())::int, 22, 0, 1, 0, 0, 'Ada sakit 1 hari'),
(5, 5, extract(month from now())::int, extract(year from now())::int, 22, 0, 0, 0, 0, 'Rekap dummy bulan berjalan'),
(6, 6, extract(month from now())::int, extract(year from now())::int, 21, 1, 0, 0, 0, 'Rekap dummy bulan berjalan'),
(7, 7, extract(month from now())::int, extract(year from now())::int, 20, 0, 0, 1, 0, 'Rekap dummy bulan berjalan'),
(8, 8, extract(month from now())::int, extract(year from now())::int, 22, 0, 0, 0, 0, 'Rekap dummy bulan berjalan');

insert into public.pengumuman (id, judul, isi, created_by, prioritas, is_active, tanggal_mulai, tanggal_selesai) values
(1, 'Selamat Datang di Sistem Manajemen Kantor', 'Sistem manajemen kantor telah resmi diluncurkan. Semua fitur sudah tersedia untuk digunakan.', 1, 'penting', true, current_date, current_date + interval '30 day'),
(2, 'Jadwal Pembayaran Gaji', 'Gaji bulan ini akan dibayarkan pada tanggal 25. Pastikan data rekening sudah benar.', 1, 'normal', true, current_date, current_date + interval '20 day'),
(3, 'Libur Nasional', 'Diberitahukan bahwa pada tanggal 17 Agustus adalah hari libur nasional. Kantor tutup.', 1, 'urgent', true, current_date, current_date + interval '60 day');


insert into public.cuti (id, karyawan_id, jenis_cuti, tanggal_mulai, tanggal_selesai, jumlah_hari, alasan, status, catatan_admin) values
(1, 6, 'tahunan', current_date + interval '7 day', current_date + interval '9 day', 3, 'Liburan keluarga', 'pending', null),
(2, 7, 'sakit', current_date - interval '3 day', current_date - interval '2 day', 2, 'Sakit demam', 'approved', 'Disetujui dengan surat dokter'),
(3, 8, 'penting', current_date + interval '2 day', current_date + interval '2 day', 1, 'Urusan keluarga penting', 'rejected', 'Jadwal operasional sedang padat');

-- Reset sequence supaya tambah data baru tidak bentrok ID.
select setval(pg_get_serial_sequence('public.users','id'), coalesce((select max(id) from public.users), 1), true);
-- office_settings memakai id tunggal 1, tidak perlu reset sequence.
select setval(pg_get_serial_sequence('public.jabatan','id'), coalesce((select max(id) from public.jabatan), 1), true);
select setval(pg_get_serial_sequence('public.karyawan','id'), coalesce((select max(id) from public.karyawan), 1), true);
select setval(pg_get_serial_sequence('public.data_gaji','id'), coalesce((select max(id) from public.data_gaji), 1), true);
select setval(pg_get_serial_sequence('public.gaji','id'), coalesce((select max(id) from public.gaji), 1), true);
select setval(pg_get_serial_sequence('public.kasbon','id'), coalesce((select max(id) from public.kasbon), 1), true);
select setval(pg_get_serial_sequence('public.tugas','id'), coalesce((select max(id) from public.tugas), 1), true);
select setval(pg_get_serial_sequence('public.absensi','id'), coalesce((select max(id) from public.absensi), 1), true);
select setval(pg_get_serial_sequence('public.absensi_bulanan','id'), coalesce((select max(id) from public.absensi_bulanan), 1), true);
select setval(pg_get_serial_sequence('public.pengumuman','id'), coalesce((select max(id) from public.pengumuman), 1), true);
select setval(pg_get_serial_sequence('public.cuti','id'), coalesce((select max(id) from public.cuti), 1), true);

-- Cek cepat hasilnya.
select 'OK_DATABASE_READY' as status, (select count(*) from public.users) as users, (select count(*) from public.karyawan) as karyawan, (select count(*) from public.tugas) as tugas, (select count(*) from public.data_gaji) as data_gaji, (select count(*) from public.absensi_bulanan) as absensi_bulanan, (select count(*) from public.gaji) as gaji;
